id,pickups
1306,232
3421,58
18809,441
677,2
23464,0
25613,83
23556,2
5200,68
15185,28
14919,58
17444,286
4013,503
16099,1192
10082,350
18676,0
21422,1205
25971,4902
21697,3235
28837,4
7604,504
26976,2
7629,540
2516,648
13590,539
29051,436
2761,0
21289,589
20826,3042
861,1
22126,458
13965,327
1724,0
21374,0
20361,2612
12875,3448
21539,2340
12100,0
7378,51
1446,16
25749,916
19590,3057
20502,2
26936,79
6131,373
12413,0
13042,54
5981,46
11941,773
9187,0
16878,781
13694,526
17899,561
8079,4938
26817,533
11601,1
2474,31
3227,180
3565,1
10583,658
24268,56
23772,490
7543,1890
7005,195
6666,1
25103,562
17013,2
28353,2
27146,2
22838,2642
27337,1466
1067,0
4208,1
23859,60
13414,116
1297,2
3719,435
1500,171
21290,138
18073,77
6307,1
16650,1458
12053,0
8053,397
13847,3604
11061,286
20639,103
9887,19
18719,657
21770,1
22475,0
310,2
4883,48
3927,49
28213,2
21843,2694
24511,52
26173,525
9380,1
992,170
2058,369
21040,1043
2124,38
14429,4
1823,357
4477,28
4864,0
7770,0
27424,811
18814,0
6567,1
5638,320
22367,0
17958,0
23757,1192
20132,1704
11965,2
6335,0
13076,297
19472,76
4287,1525
7665,55
10482,0
3058,1
12516,1
7624,163
19203,1
28169,222
14637,1
11966,13
8947,419
2298,202
6327,46
21762,0
15272,1
24874,22
6099,62
10672,422
464,38
13035,1
2512,401
12187,390
19107,0
23684,2
12181,438
14333,68
21432,1
15012,17
2441,390
2989,150
8443,0
26809,5334
23433,0
7157,2
5744,0
8180,1
13641,46
7118,0
9942,0
13886,169
5002,275
27542,2749
13747,470
9797,151
26326,0
22690,368
13240,30
5855,0
20752,897
6534,1
9708,32
14182,950
11670,18
28917,1
3931,441
26288,1
15210,2
4912,1886
21225,7
12618,65
156,4203
1549,2
26958,975
6602,50
27187,58
26886,3
19491,0
28105,3
16828,69
1575,3
14625,57
4076,0
2531,0
27727,0
1091,0
12984,29
18298,431
7832,2
735,0
23299,2
21599,36
12133,86
967,1
26516,0
18991,418
10394,0
9093,387
4658,47
16047,1
20788,101
7199,0
5568,116
5269,1
1004,0
7926,466
11570,397
29016,0
6340,1066
25550,1
28668,2
9225,1
11156,5149
12620,20
26445,96
9035,2
11014,228
16846,295
23652,1082
2979,0
24481,1
14382,19
5990,0
13537,4439
27460,0
25427,0
23422,360
12467,88
27708,359
17915,3
16406,3226
19566,81
23211,85
25303,641
4566,502
19618,530
16518,395
9096,1
17894,0
16836,826
21714,2
9230,3905
25347,473
14118,55
27588,103
13821,350
15085,323
5258,406
21008,581
3781,0
19648,1
7375,220
2421,575
10356,1
23362,897
11317,32
21796,182
17092,48
11191,0
8239,3699
15217,1
3813,1
28134,36
14992,0
19014,71
6759,3
8362,333
21972,0
8473,525
25,47
24728,814
10575,40
6762,538
4475,0
25054,224
26303,80
11082,0
14696,126
3505,13
11797,3623
4763,0
19944,720
12071,600
1909,47
8670,2619
27458,98
12105,43
19162,0
8598,148
27806,2
23230,2
12142,287
3773,677
21342,228
21466,49
6215,0
21573,0
15868,0
16063,0
10971,1
17521,1
27215,70
9626,2029
25619,1
8537,3267
13991,38
22854,2
24075,940
25597,1
7364,1
18438,65
18397,2
9701,1
16977,1687
12679,1504
6819,2489
236,43
10632,2
14344,337
9817,331
18380,19
14859,190
14251,2
2013,465
4009,361
10320,351
24748,0
20477,234
5735,30
3363,190
14553,68
8479,31
13895,304
14522,0
11213,460
8915,17
2566,0
18361,0
16571,2397
15284,1
4443,0
8955,0
22457,1
4400,0
6677,0
4203,422
14629,384
3901,0
2552,585
13968,221
17610,0
26671,813
1714,0
6996,0
6273,1
27041,297
18180,422
16535,709
23636,2
1064,0
8909,372
18532,82
9655,1
16534,58
2130,1
14537,0
24012,3868
28541,2226
9197,1
20229,449
2510,0
10451,1
385,0
16371,2340
5814,3988
5420,199
9742,614
25076,0
4202,53
12403,2
25064,315
21702,877
17047,149
11301,431
666,217
27457,5
6074,442
10139,1
19554,0
4860,3
11206,401
28712,640
24685,2
11712,1731
15975,3
16109,1
8637,312
15558,1
211,520
28831,103
20049,0
22648,1973
14778,105
25814,554
19091,363
15752,4
15511,1
2868,200
25657,4124
24414,100
8342,1
26302,1
24822,871
14134,2379
14767,0
5724,371
27342,365
28610,0
2878,16
24447,3
2369,0
21377,2
16728,2
1763,101
25935,0
2182,57
14434,180
13478,0
22943,2
26211,0
5958,233
13311,2077
25606,74
29014,66
17071,2874
1255,921
10051,0
1705,0
12251,0
9889,0
19290,439
26304,783
9612,0
11702,1
25677,0
18126,281
22505,1
2583,640
23986,4
22711,538
16277,0
14490,0
14044,1
27142,968
3230,122
7294,0
26994,292
23204,118
24469,57
27235,2
10275,397
114,459
18770,2
9422,1
16259,0
27616,65
2226,1
20506,2986
18411,1
24743,481
25029,2874
8509,0
25398,636
5971,2915
24155,715
7693,32
26977,3
21531,0
8962,0
15089,3
16432,0
18284,397
13223,507
10376,0
10153,25
13102,0
2638,1
19428,517
24286,339
19929,74
9965,3
28920,979
1418,42
27377,2813
17994,1
13815,2
5652,0
13643,0
10773,43
16540,2
26932,3371
16853,306
2764,1
22422,444
458,820
25860,208
12024,1
5414,128
24799,2
3333,525
17814,0
23850,0
17195,92
13632,1
28970,0
16142,3
27637,767
3187,196
21189,337
14410,48
17566,106
1359,394
8783,137
471,45
18331,63
5019,46
24740,675
14523,763
26776,4
25931,3
1884,730
6064,461
633,1
27463,2
28265,0
13754,557
4923,131
14768,2606
20104,0
15895,766
19454,2377
7234,337
23810,74
11459,60
18567,45
9645,0
12335,2
14918,1
15731,3
27954,4347
27011,0
8983,2158
14126,343
4810,2191
6877,467
2283,1824
16985,428
10409,326
14286,50
4365,377
5144,296
28773,81
9525,555
27852,4
14141,331
25459,813
26089,310
9526,1
7468,0
12158,1
27592,519
19586,2
4012,79
6629,465
1680,2403
9861,1
11208,522
18638,6
21598,1
27429,2
18739,42
27792,0
25726,3
17424,0
27158,101
16228,488
1140,103
1470,23
2320,50
11471,1
1728,2
18547,335
20935,5612
26589,65
26710,71
5160,45
28820,0
19080,66
5008,2817
28361,66
10428,1970
18748,1896
5823,0
15522,244
1731,0
22503,2186
10254,35
21771,21
411,0
24548,802
9919,56
24809,0
9912,3
4529,2141
15035,3185
18777,2
18741,0
5995,53
19292,1
11675,0
23176,82
23444,0
18157,0
23316,0
28603,0
3403,0
27794,1342
3257,2370
4167,2798
25513,173
28707,2726
26942,3
3304,0
23728,55
28569,3482
2287,30
25021,0
28901,0
17352,374
15910,0
20039,2
13073,547
17961,3
3239,1
6604,0
6426,0
1821,2
27764,440
21261,29
6325,1
20833,1472
13128,0
19973,189
5340,3
10852,1
9611,510
15425,0
1837,0
13511,4
16829,440
12345,1631
24147,95
19596,0
23603,6
2155,1
24120,848
20849,3
5696,55
10775,0
11081,340
13580,1
13996,0
6175,1
6106,33
23106,286
27078,111
15335,3
9547,3
13714,2377
12765,2
5215,526
4401,4017
26909,609
8451,19
8820,32
25141,1
23405,1
28226,4
21001,679
1458,15
12923,248
5150,2255
13298,340
928,3
4759,287
17633,3
3696,2
4077,3694
28914,0
17763,1
14425,377
26661,22
15406,433
13610,0
22893,0
20939,173
4677,1
28487,825
12799,425
23142,61
15020,0
8530,3095
2619,45
4654,1402
1782,0
12319,160
17372,417
16050,0
7276,474
21258,375
15368,2
7177,1
19708,1
26090,0
7397,3
11439,628
24020,428
4605,15
20928,5237
11058,0
13761,219
4503,2
14203,0
23257,0
19030,539
25805,0
18053,143
12739,778
22010,6
19897,3011
3671,0
24939,2428
14626,743
18615,0
26681,1
14210,763
15159,125
18658,565
17919,0
18818,6
722,1986
984,362
1555,0
18151,0
17469,405
14514,17
22139,683
22911,0
19263,2
1218,298
22592,333
23109,103
13679,3927
24061,388
19114,4110
22728,839
19763,1181
10018,0
14800,4663
6816,24
7155,419
18015,1
19484,0
4674,0
21675,320
23334,3
19755,3
12116,339
21411,493
63,166
15714,2556
1585,1159
24552,100
9739,19
21111,1
787,0
6983,1
8344,45
9350,3981
27869,0
23065,246
28992,2
25763,618
19353,1
16140,188
1799,1
26155,85
2435,0
27730,1
17793,0
18941,813
20411,479
28563,431
26461,0
20585,1
16855,1
20201,64
8168,530
2555,4
8468,457
15899,1
27873,2
15855,2166
22615,1
6770,0
12014,0
27833,230
28280,3683
27793,129
26362,162
20399,1
2840,98
25401,387
24436,478
14160,2
28450,1
17428,0
11606,413
13864,36
25691,61
22173,977
25574,0
27184,243
630,0
6443,50
2804,0
16410,73
1075,42
388,1
20083,651
8217,559
5404,19
22026,661
26340,0
20748,539
2177,0
2475,312
24594,0
21751,429
9388,2
26510,813
20797,106
26250,0
15004,128
17380,2
8210,689
8796,2555
4259,1
13760,1706
15392,2461
9069,0
19035,331
5272,503
397,389
7409,380
23148,1
8457,1
27628,0
5721,17
8192,207
2317,2355
4796,0
18776,2
14686,16
6464,0
9549,36
14470,623
27574,52
27721,2292
10166,2
4319,1604
13229,2222
12688,4
27887,2
24249,488
26300,463
5033,32
23528,0
24774,76
18665,573
20870,1
23160,499
4274,0
19316,0
26787,0
10875,191
10105,39
28539,442
28781,1501
6367,0
25573,679
23909,991
9036,50
2344,1
10178,279
12880,589
25632,1
2016,52
5259,0
963,0
23374,91
17723,31
26569,60
4967,0
17187,4
16253,4319
11399,0
7109,3737
6100,408
4911,0
13089,0
5805,470
8609,635
21722,107
19662,9
18564,385
11827,15
27289,407
15637,25
6942,1
27759,2
16487,40
15438,1758
12784,0
7436,5948
13304,1674
8742,509
14120,0
8998,238
18037,1
10323,58
17598,327
26520,24
7774,4
1619,0
28579,2
15492,363
18613,51
20614,99
10088,2751
25519,31
21572,455
8245,0
27953,0
2724,0
21280,198
4124,0
24871,80
12794,0
27248,2
6291,2222
15009,597
2997,1331
23128,2
13027,344
28117,3784
7806,19
18020,2339
16480,2
20508,0
9976,2780
8519,1
13268,0
5452,0
24093,633
23314,61
24493,4013
14091,47
3487,208
13231,0
2762,1002
22463,214
21641,677
12205,0
14864,1419
23058,461
23319,4
17807,0
26344,1
7339,0
26498,452
27695,2
7347,3498
22178,2
8883,531
21823,503
9753,40
8307,235
25072,4
26192,0
9562,24
28958,1
14179,5
18283,43
26492,0
10708,0
2086,195
28618,3616
4575,5782
7979,216
16960,57
19069,562
9782,0
29066,3
13978,34
6821,0
1108,0
27150,3216
21420,2
27046,0
14294,405
15125,64
6427,1930
24463,440
20977,1
8178,251
23944,1
12353,199
20181,59
14528,0
15006,9
26087,0
6627,0
4369,2
13910,200
4543,327
4098,52
25213,13
18885,75
12062,2
26342,139
4627,1138
29026,91
23089,252
21346,290
4355,242
18908,0
3390,448
4113,3010
6151,4089
20097,0
10781,464
6275,322
11220,477
6190,0
569,47
7875,0
29055,668
28967,0
9441,156
21252,3
17568,21
2923,0
23880,1437
11493,3
26091,2
82,1572
14826,0
2727,0
15000,31
21305,1
1017,0
17306,56
20075,65
8771,0
13463,2169
8768,0
23496,1
17212,3496
13160,45
21163,1
21742,5
2485,380
12189,1631
9326,27
12120,286
489,1
16184,790
3818,58
5923,166
19539,55
2530,1071
20657,0
14609,1
13950,206
17520,1
17851,1
10518,212
15019,376
25804,878
12912,4
872,1895
12463,9
3978,0
7295,2389
6822,2
17374,3
16442,17
26271,3180
21974,252
10932,373
3736,3
12192,1
19942,4
9466,1998
22771,0
6342,3586
22271,263
25556,2
9057,45
19520,504
20163,1146
19323,0
26923,487
23531,1012
17602,669
11499,0
27528,0
14060,0
25098,2371
28086,87
5047,51
8882,124
13405,0
6318,451
15494,1486
8365,47
555,48
18984,699
15202,253
11315,606
14458,0
20564,1
10099,39
4939,0
8557,0
18868,753
6681,2
15046,0
26031,0
27549,1984
21520,1
22388,4042
14564,275
15295,0
6092,47
15727,0
25446,0
14582,1846
12183,2149
16693,351
10549,8
2730,0
16763,708
28742,498
9016,444
28051,1
26733,2774
7750,4464
17694,4686
17392,1
27277,1
16347,2
3352,630
11950,422
8687,45
17706,0
14023,343
1031,0
22405,1
14222,339
3941,614
23890,1
22283,1
18379,1
5822,399
23929,395
20356,1
20991,3
659,21
5299,36
1248,833
25788,1
4910,146
6922,46
8101,32
12486,640
15842,226
24794,455
7539,1
22521,556
18831,3
8848,428
3196,175
18332,829
21002,0
12706,3240
9007,2
7032,3525
21396,2783
22072,3
23928,1609
27145,525
2972,0
22964,53
18398,5
11250,227
22477,300
2933,651
17415,0
23537,58
4388,238
11538,2942
22285,320
24084,1
25769,40
6840,62
3942,0
1113,1303
10322,2
18624,2
14038,0
6160,1
9510,0
28756,482
22652,85
890,488
2220,5
26276,521
17612,220
27885,450
16817,0
1385,30
4068,405
27598,4908
14925,1
26947,417
4704,67
10721,334
1514,245
27256,2
16266,3917
15925,3783
24658,2
27327,27
26421,493
17623,0
19950,77
4906,3583
11367,395
20587,976
15648,0
23787,1
14274,0
21736,138
3322,1
12289,3
460,1598
14001,5785
9849,557
28231,3484
27509,685
15928,1
25009,552
907,347
15060,168
5876,0
20621,45
9625,0
20098,2658
24332,385
24200,6
28789,0
13505,2
20408,881
1694,299
11913,632
513,158
616,105
16180,216
1772,111
3788,0
3516,1
23966,1
4617,0
10626,1
13099,1
6393,0
25503,5237
17509,135
12546,528
3877,229
11614,0
20418,612
24957,327
10290,0
3010,16
15709,4
1733,290
2288,361
27652,0
28332,1021
22241,3
28181,0
22585,1252
25514,268
19512,43
21475,0
22956,1
25782,81
25839,0
4665,36
22650,3
24485,0
22779,86
26485,1
28551,6
25031,1
26099,87
357,3
5284,1
26670,0
15701,271
23529,3
11529,393
8968,0
23443,834
2250,1
4090,415
11438,48
11579,432
16131,265
17336,0
891,0
13224,0
4517,2
18257,218
25296,813
8711,5761
26760,0
18259,2455
3809,0
15261,0
14781,4688
19770,638
12309,40
3926,1
5515,8
27853,107
9823,3106
5492,0
19631,1644
16440,48
15951,0
4316,28
20892,1293
24599,64
19910,0
15150,0
19735,1
12823,1
8308,0
21486,1
20374,0
19062,51
6232,2
6332,1
7667,0
7054,238
20222,758
8448,143
22187,661
7978,843
7037,390
12420,0
10266,0
14850,230
15215,2286
24390,208
26852,2
10885,25
597,0
13993,0
22150,2
28215,366
6048,1
13836,1
18070,97
8038,0
15247,0
28989,1838
3770,1
14556,2555
16956,3237
26676,232
12385,0
14483,1008
27917,715
25358,0
26396,70
13483,1931
27901,1
25874,731
8055,74
23901,0
3329,1
11816,2233
17391,149
15409,68
6438,0
11148,0
2563,0
27790,4347
10480,39
15875,0
11584,0
28735,465
10528,16
25752,351
18296,1
10135,0
22888,507
22940,1600
17229,2
7236,1
969,101
1657,40
5682,2
24808,518
24045,312
26706,2673
4258,337
21353,791
20277,1016
21362,2538
4748,196
1252,1
18903,350
8416,3975
27907,4
14112,391
16340,0
8839,1
17399,1
19352,0
24890,814
25821,2
2358,2
21113,124
3683,247
6737,274
23180,455
1050,488
9752,1
26869,775
5450,37
16720,587
22691,3
20324,525
4244,0
16100,223
26128,1225
881,1
10071,1
1931,87
23719,2
16429,0
28743,3
15651,0
20735,6
4169,0
14114,1754
26458,3
9588,2
14950,476
28689,1
22849,73
21684,2768
11443,3
28774,1477
24407,51
9875,297
10603,2704
26140,2
17322,0
28835,344
26145,510
11114,67
1873,301
8831,177
20139,89
18305,616
1450,70
14676,143
21102,980
3397,0
19153,566
10707,150
14336,2901
9691,0
11845,1
20330,105
27844,0
21477,342
15814,457
16003,38
15508,2942
10772,0
3364,0
6429,0
27565,1
8805,2
23622,2
11173,789
28340,1
16994,6
3136,411
10491,346
18531,936
24302,39
2855,0
26861,2
15040,0
12402,2
22094,0
11038,0
28124,4584
10000,77
21729,121
16394,0
10653,1
12497,32
1817,0
676,236
8628,0
4184,358
1546,5085
25649,0
17558,516
4406,701
9129,4
5110,354
4066,1
19007,459
23897,0
14380,87
11132,1
14323,410
18089,1
10900,0
22590,187
27336,0
15826,0
20982,1259
14049,891
13455,0
15523,2
10228,0
13557,1751
12734,1683
21715,98
21263,0
12190,232
20783,0
11598,0
27660,62
24639,84
3037,488
23943,359
10347,352
456,1
18197,21
1055,1
6809,29
9690,560
5852,2
28538,67
21992,467
28393,1
25631,5
3907,419
5830,5
19550,2
21066,0
9155,4
13416,448
16170,314
1951,1408
7792,99
10585,1917
13018,320
20367,0
23675,5607
25372,208
13395,0
22254,0
4332,0
20761,556
25912,1
20843,52
6157,0
3872,2
21307,257
25206,15
25201,0
6702,627
15848,1966
5803,2
19190,33
24664,0
12914,405
804,8
790,0
7008,81
572,2472
9914,440
7862,1895
9372,371
3209,241
6430,47
1542,1
20403,4694
21882,98
24666,650
919,423
41,53
22636,1
26701,4
11745,1
5562,0
2567,18
6506,137
11281,4966
15024,3
14411,500
28467,0
14128,1977
8823,2040
23844,2
20873,0
20776,2
22823,0
28833,0
17761,415
2813,56
2509,446
443,57
2786,51
8007,299
28849,367
9607,380
24654,1181
20480,132
22129,311
11171,0
17486,408
6637,4155
20927,0
6831,153
15380,233
22162,2315
21044,2
26875,0
21962,1
4313,157
7585,1
22996,332
15926,466
12562,3872
20019,1
7441,757
3751,54
6594,3
18271,0
5828,5234
17305,1
18230,425
26687,0
10391,1
8233,5397
8068,1
18660,2
9682,2
7013,1026
7744,338
11483,1263
9346,1
25847,1110
24994,3914
2456,2369
9290,1
11583,389
11034,288
1759,56
12144,0
9476,34
5131,1
11037,169
14930,441
16735,3
13921,247
13225,3
8871,5760
7540,41
18333,0
3234,369
846,1699
5881,93
22214,70
11103,0
7566,2
12004,4
18326,752
22399,39
233,1458
21838,1
17447,53
5022,4262
19663,81
12553,613
302,1
765,46
5972,297
24014,3
12885,1
6621,1
14301,0
13439,75
20246,634
14702,746
5703,171
6995,46
25753,1
12871,2
4703,4
28848,2687
17803,2
3626,771
18471,2
24840,1
15947,118
18164,0
1348,0
13727,379
17574,19
6632,375
4229,630
11705,0
12567,741
17729,21
19937,783
1923,0
7369,255
18220,488
13844,29
22723,3496
4151,1
13528,808
5913,329
7519,35
665,28
2417,187
23637,1
14529,287
9557,210
6481,1
6065,188
24101,0
3089,1831
15119,744
15151,11
16042,455
16711,0
10658,3699
20221,86
22354,3151
24886,1
10892,33
27368,575
23776,627
4140,14
22430,0
11924,1
3865,3
18704,0
11003,153
6068,583
21865,518
26221,68
13979,492
19188,0
14130,3
28420,417
20913,1099
11531,2436
2218,4374
12279,0
24432,240
6982,1
19715,1
19383,529
9305,2
20512,0
8075,2
21691,520
9973,57
14178,458
18580,2
22264,121
19201,323
28202,0
5671,675
7160,350
17209,58
18022,1
9390,585
15383,62
10269,523
2316,0
2210,0
21181,2030
22769,581
24756,3293
2436,2313
21213,1307
5444,35
23291,334
19907,2
26890,2227
12021,0
15607,0
12284,151
19482,566
4861,3
6503,190
3159,3749
5796,5
11165,6
22015,440
6994,732
20938,3
26036,31
26185,0
24842,73
12786,18
18501,50
22504,331
26066,0
6491,0
22988,2734
24616,1781
23434,2
23051,559
6833,700
14746,702
4210,432
27538,2
7293,337
23574,344
16566,706
9185,65
7413,680
28103,5138
25252,2
9542,115
11323,22
12625,0
596,766
13498,3
482,235
15310,127
12817,28
16233,0
12575,0
22578,422
16908,868
9281,913
10471,3
22724,542
10113,700
8200,4
1245,313
28458,55
6179,1372
769,380
3646,51
2526,326
13721,1900
267,511
2123,0
6104,1
14929,3587
26842,0
11725,1604
9077,1
646,51
10147,602
3153,3200
2412,1
14729,2464
3240,37
18232,1434
4639,570
9613,2532
24701,81
18318,53
12905,3
23519,0
20850,60
1063,470
6033,590
3016,11
6919,304
58,3
4662,232
2802,3322
26243,0
10688,51
16091,0
24686,145
24771,450
21016,0
18674,26
26310,69
8608,0
22859,3878
3320,374
21502,422
20590,561
23032,2
12990,1
13009,1
21434,138
13247,34
18009,1
11106,6
11622,1
22043,447
1331,1
19990,712
10723,1197
2898,546
8956,2658
5173,2
23301,916
27122,0
18902,2319
4236,1100
24726,289
27143,0
18972,0
20257,1151
8712,439
1192,259
25917,415
15892,2
23457,722
10973,850
18136,81
20212,465
28166,295
494,32
22730,2718
4507,0
24233,70
850,468
14100,0
9352,2
23482,1
28537,2
13381,692
12490,56
17261,495
18267,240
15110,5
16610,674
20579,65
10,1369
14816,4
19681,61
29023,2562
5234,0
12761,0
13370,393
1752,981
1515,0
15968,1
7401,3368
9805,0
21513,3
20407,77
9014,1
3484,1
14014,0
23035,0
15309,1704
7412,67
4990,285
13690,96
22980,0
26164,0
12833,0
7141,732
1126,322
27678,0
4898,656
13825,0
12587,48
4915,8
24864,422
23411,63
17277,2
25892,49
24009,98
13650,1
16175,3
1746,1601
15534,1767
21921,0
18351,1
20465,0
14280,397
2822,0
10118,1
6066,1
4603,58
8554,2
3779,66
26372,0
25311,0
16675,71
338,2
15221,0
22865,0
5337,4247
16623,2124
26628,978
15913,4
5800,0
17561,1
12273,0
1137,184
14263,237
14565,0
24820,2
4925,460
14994,32
16931,3
15413,392
25588,1992
7411,2
10954,3908
17886,876
14149,24
14432,0
5604,33
19498,3
2523,752
8104,1871
28891,2
28210,1687
2670,403
4688,350
11416,2
24549,94
17980,2
7937,1070
11015,0
7321,651
22540,3
450,44
17663,3294
10683,0
26072,488
8198,2765
15759,3
27974,0
27018,0
25564,6
15170,0
15569,424
3201,561
9858,4362
2533,389
1533,348
6114,469
24024,1012
24050,1
6227,59
566,282
13209,478
20291,511
3472,38
3847,417
11306,0
25789,87
18606,1
17460,3
18122,50
28664,444
22210,3297
3592,53
13757,33
11558,1694
300,3972
24801,344
25108,1
15296,2345
23343,852
22737,687
24591,1
25955,966
5132,4
1757,0
6476,805
7953,112
3383,48
9556,25
12394,436
417,312
10839,0
21078,121
14654,0
28072,95
20664,2558
11382,1
11543,0
3769,273
25234,452
19129,0
25787,4
20535,355
1647,189
12069,2
15160,0
9490,322
7240,3294
8340,1862
1283,732
6071,251
2872,89
11207,0
15673,2086
19492,1
25055,0
23869,780
19211,41
4900,4001
26980,0
7641,0
1011,2315
28014,303
16439,208
27631,1099
26107,707
11985,152
21929,70
5300,582
27959,864
27733,656
26356,124
14955,0
15197,4
13855,0
3224,2
3791,0
6786,368
2088,515
17978,2669
7384,43
414,2
4144,113
2032,378
18335,585
10697,1538
3457,5452
18647,65
9028,1
791,2
20537,2
19381,3
21349,367
17766,0
5833,567
18135,1
18542,0
8928,118
7350,3
28355,58
21302,1751
28094,799
4349,3
10470,276
3041,232
7746,1
8324,438
17445,1
26025,0
8674,43
21661,503
25483,514
1550,64
1013,1
8486,46
2859,35
28422,4
23539,0
15466,0
22182,3086
28916,543
4330,43
8454,407
21285,3
24334,1
23269,1465
20156,578
26497,2040
23911,1
13634,30
7752,1
26052,0
10987,612
9579,427
5229,1124
17191,4553
16102,1
15369,2
17617,0
11361,1
23985,424
10842,0
14441,2
18066,15
5566,0
17402,0
5664,590
23243,70
18445,48
26935,3
12758,2
19108,3974
21251,453
26125,1
3176,0
28520,0
12811,539
13411,0
4881,0
1640,225
28757,1
7869,2092
9416,1
6794,1
9349,0
7761,46
16653,1
13289,0
26743,2
20210,0
22078,1
10432,31
23476,68
27625,0
14469,48
548,3
26616,5776
10127,318
9308,0
16625,3
20220,2
13361,0
22021,3410
9913,22
19362,647
9249,0
19277,5
28536,338
15280,779
27204,3052
16060,1
753,647
9748,0
1784,328
14022,4223
19483,221
17093,536
19975,63
15615,287
3316,32
21493,1
13143,1648
13942,420
12030,2
13958,37
3433,2
22416,895
12894,439
18133,333
19598,413
8758,57
18891,3
8927,8
21072,783
21200,1117
19764,0
17599,1
18086,1
17126,2
25765,1696
3327,271
5845,2
24810,4429
21017,1992
4070,2601
11406,0
2034,1
7623,971
27612,3798
15377,342
6130,2838
200,1586
15739,62
19207,2904
9493,318
553,317
19313,1
16858,0
24696,2290
25327,546
13796,43
14726,55
25039,35
17481,1
29036,2067
12904,351
2151,300
26000,552
15331,333
19562,2061
25567,0
22856,33
1516,41
16843,581
6465,3486
14589,2018
9689,37
2196,684
6116,2418
12193,31
1058,0
14495,539
21953,294
3349,26
19827,1
21563,2
8135,272
26181,0
9924,1
7625,0
5645,0
2656,315
1469,0
23889,236
23851,2
2454,423
7486,20
14086,0
20729,3
28624,0
28218,270
17735,1
2978,641
26403,72
26051,680
21767,489
7346,0
11138,439
20755,389
18483,3310
4413,361
17956,43
25262,363
26773,0
21220,713
22878,732
18004,543
6262,333
22895,430
24811,513
13250,763
8576,0
19040,3
26009,91
26150,0
22738,231
27213,1
6652,220
11718,2640
27572,3
6735,0
28415,2
442,2
19577,392
13306,1
6120,50
17408,0
19438,111
25448,454
7292,24
28147,874
3072,1
11228,0
21442,468
13484,286
7972,103
27323,624
16909,146
22674,0
16911,2
217,459
13130,296
17903,34
9591,0
3078,1
16276,71
26845,3
10798,1
7287,644
4119,394
10577,0
23215,571
5737,0
26144,5531
22574,5
12586,1
3886,34
1891,0
1425,38
4539,50
18078,1
15809,205
19949,2
25575,2532
11169,310
1720,392
18878,30
7490,81
26590,497
9954,413
13621,433
11093,1
6108,0
10574,2
14117,2
5427,206
21951,0
2420,51
22109,1
8407,44
14841,245
9920,512
16903,1
27762,0
2163,53
16890,1
16922,333
44,1605
6779,324
634,100
2547,0
13920,22
8940,239
11685,985
21288,0
21095,2339
929,46
6012,3733
25419,551
13441,0
21699,2
8028,291
20901,5607
11031,0
26284,0
19822,81
11960,35
8367,0
8415,0
15032,37
19364,2450
21768,60
11234,372
7722,0
24117,3
10247,33
21885,3868
15387,265
23609,2
9560,134
25143,77
5885,0
10814,712
25551,64
9303,290
20006,54
5785,328
14862,479
23280,107
5366,2
11268,3554
27407,7
26500,75
22916,11
22757,38
21782,141
5613,1846
6016,35
10194,498
26656,0
26978,77
11525,366
5135,0
18344,4
7430,423
888,3
21168,331
21330,300
24581,0
24708,0
12091,65
686,486
3641,0
9395,2
5711,0
395,1
24115,2227
26460,1034
21574,3496
3,721
13132,1
24849,132
27180,35
13510,387
15753,58
27075,483
25164,41
25906,77
1992,2570
5213,3
15846,529
13953,391
24090,300
21310,161
9132,468
9452,0
20459,1994
9491,0
13638,361
16134,184
5090,87
5938,0
19745,3129
17882,0
25183,1
25948,480
13045,4363
10201,122
14447,274
13397,157
14794,3905
24387,22
26223,1
24551,19
3729,1
8212,3106
14215,0
13506,24
7728,472
6515,18
8063,734
10437,0
26996,1
5453,1869
18148,1
22807,20
6435,2
24519,515
12975,325
23389,0
16961,675
13388,1095
14616,2
22024,1
15255,3049
831,0
7116,3699
19903,0
10563,334
4143,521
28867,0
20905,60
13570,0
6774,2
11332,817
27673,608
1114,234
16020,1
21459,56
17811,3
19366,2
13159,2
17436,1499
16617,1718
12166,51
17124,249
8242,2
24545,13
13449,2974
15157,1
28834,1898
3703,2
27915,1
2814,1253
20102,81
11655,0
4314,0
6678,584
21986,0
28690,2
5324,363
184,2
18494,64
3996,1
16912,14
12951,243
28283,4
19522,1797
18797,5
642,0
4947,293
22729,0
3605,39
16167,275
2181,1
8145,1
21514,1
9637,787
12094,3699
11834,252
13293,1
4010,1
21522,107
4562,3483
16790,2629
12767,277
6428,264
24508,321
22541,93
26167,1
10521,29
6055,19
26627,92
28924,1
21109,1110
2701,0
13393,47
6606,260
25802,1
21431,65
13740,0
23470,539
19143,2
26363,1
5157,2084
11734,48
12429,0
8701,45
9995,0
20365,42
22456,364
6217,0
28809,738
25926,47
14860,0
26338,19
10729,0
22975,317
17595,558
1990,305
25187,0
26401,3
25439,889
11020,176
17638,255
353,0
24491,766
14169,457
1008,27
5844,1
18210,1
24396,559
26324,84
20475,0
5083,828
2649,4274
22870,107
5086,13
10468,0
5535,1
23752,0
11278,67
11662,0
20756,2
15117,2
22383,368
6522,10
29010,2938
9595,1
5113,563
28801,877
28076,439
25293,5
18049,68
7613,38
274,271
26482,0
13677,743
26281,2
25229,0
5361,677
24442,42
25808,4
12454,89
7847,0
1518,0
13711,53
3855,0
18725,54
27241,2
23628,386
2497,3440
22105,167
18218,133
14423,1
12853,322
8369,291
2958,47
20896,5
10539,83
28407,1
1559,4088
13342,0
28731,84
22099,365
20608,648
3345,0
22045,1
26517,1326
27169,0
24362,65
18012,0
15293,76
11011,0
21948,2
20497,223
21660,61
26305,0
5949,0
10386,232
1625,228
7327,615
12958,421
10223,58
6050,88
1851,0
3998,43
24582,1764
368,244
22958,675
23265,1
10807,683
18407,0
18394,0
575,58
27422,2
22111,25
2458,3
14249,2880
21785,42
21585,31
17606,2
28843,2
21869,852
27803,3749
24339,363
11541,42
20067,3
13057,0
25460,0
23614,2749
21964,680
27286,829
5584,40
28453,0
24684,0
16609,0
293,3305
6439,1104
26415,2
19748,1
1667,239
28492,0
6415,169
20629,673
15595,3686
24766,1
112,4
6614,1
22706,3
25533,0
8569,757
28256,77
13559,5
18149,46
2671,0
26843,1409
18975,0
5644,398
24586,73
3508,495
15781,0
18643,3932
21523,688
12108,1186
22096,176
6098,2
24258,2686
18713,0
4342,0
22664,3
23707,63
24347,2
28118,620
15300,390
157,263
10059,25
9307,503
26219,481
47,29
27084,1
24150,2905
22016,1
19102,3602
23934,0
26764,1
13882,88
17036,0
13948,0
9660,2317
5360,42
28705,792
11378,417
24991,92
22781,0
23767,1
326,169
27821,0
7994,2
12428,290
19022,0
807,787
22631,67
28097,370
21392,1
14257,1
7437,483
9394,0
857,474
10069,207
19623,0
8782,765
6418,261
16362,927
27970,1
8980,32
19954,434
13199,607
16824,2081
26898,338
3379,3185
3478,1
9200,438
7106,57
8987,31
20015,0
5307,400
28512,787
28413,633
18852,199
5224,160
21870,0
13020,2489
8779,21
2576,1662
22654,0
16669,831
14960,535
7373,0
4035,0
683,307
1505,0
457,66
28207,42
1871,0
133,52
10599,1
6432,0
1902,2
10819,1
17149,0
14764,3
23395,852
23315,609
23547,2526
18807,0
11398,519
14672,34
15455,18
6641,38
14707,494
12822,1
9624,496
25959,5
16114,64
23835,453
13329,0
18583,0
24769,0
25294,2
24536,409
26738,953
14758,69
5293,390
21788,905
27734,0
27952,809
24990,1
11597,529
27189,0
26127,78
11714,1
7402,304
25680,2
15126,534
6671,346
7917,0
12484,239
22489,1914
18480,60
1695,1
26788,4019
14998,39
12165,3
25569,407
6313,1
17825,41
16043,0
13863,2
8152,2
10648,63
16966,3
1164,3331
23842,370
4598,0
20973,328
14132,381
6080,32
23894,0
7305,1
11595,2
15087,3355
20677,2403
16765,0
24560,0
12035,293
4687,2368
7841,0
13832,0
6554,3
8249,1
36,243
10027,476
17359,330
25989,129
25983,887
28547,0
26216,680
14593,790
1441,0
15251,3
20882,372
16891,63
17659,1
9427,674
225,0
25543,2
19852,388
29012,2
28313,399
101,337
3718,62
18466,75
25135,2
12431,60
13843,2
13517,356
26454,0
12698,0
352,252
8766,31
16576,738
3763,0
10484,324
17079,1
7771,3039
16860,307
19779,605
23626,0
15298,3
8814,398
799,675
18705,35
15659,2436
17014,73
19289,2658
3650,172
3585,1
22397,4
5834,0
29035,1
24409,0
12939,0
28729,2
14317,384
5392,34
22993,553
17690,0
16006,1818
10032,1
8736,530
7895,808
8586,0
3727,2297
13113,38
15890,3770
14924,2
20703,424
26554,2
26246,3
10418,37
7338,510
16,0
26850,162
2349,3305
27781,829
8163,2020
18018,1466
17338,404
6444,398
28613,3
19760,397
7147,319
3526,562
6410,1
14092,520
21769,0
8971,2
26668,18
28886,427
29009,0
4827,41
12278,278
19159,0
16358,2551
2118,37
23693,102
19280,885
943,31
24882,0
23858,2
28607,2
28808,0
926,313
15299,33
4840,1
9475,1
7709,0
23834,4694
15554,0
7959,94
8788,0
25760,1
11469,3733
25683,0
15318,7
3915,0
18996,1179
16350,0
13185,51
11379,0
1853,511
3148,581
9585,565
1319,50
11976,113
16770,247
7591,418
26719,2348
1291,0
17750,72
8495,0
25792,4694
4248,32
2141,177
21292,19
27830,124
13368,0
28642,2
25382,1
23837,2
3267,1
3843,222
16634,56
21497,2439
8494,404
16624,323
25255,819
17170,0
25809,3
11326,981
1798,156
20141,18
25073,2
23481,3
7531,1
26103,620
2738,1
26122,0
13545,611
8031,420
21896,100
23369,0
20052,3
27020,206
20357,3
16603,782
22547,2
22950,49
14912,1
18557,247
24535,983
7454,24
10503,0
9338,1
5295,2262
19082,0
5624,36
2808,0
21860,2
5722,145
18987,87
26803,559
224,301
24019,3190
24119,72
1545,0
26227,4
7425,2
23187,469
23680,627
6502,23
15194,0
28416,88
7073,0
3784,1
3498,8
12078,515
26683,312
26855,0
28374,56
25466,852
28881,2975
4415,1364
25544,33
7452,0
28605,677
24735,1647
22609,2
20731,852
14156,709
4176,2
11783,1517
24459,360
13670,498
23914,0
132,2
10346,4890
14690,79
3175,98
8645,1
27040,1372
27162,0
28437,100
15678,477
4559,56
11390,40
6718,2858
24034,694
26352,32
22665,73
23236,120
3479,25
14940,589
18129,54
11790,3733
17387,32
19860,1
20122,31
9365,418
14201,63
28406,438
2313,2
16195,3
2234,335
14283,275
2602,0
7942,32
27312,2
26275,57
24148,642
9847,2
13664,0
16441,0
14292,1
3303,886
3467,1165
13062,21
6832,0
8575,644
26894,76
26750,5
2492,351
19928,5
12568,0
8833,1
14379,497
3693,0
1558,0
27506,25
15077,63
10473,59
26846,28
28287,5237
11639,809
26170,634
18227,170
27249,1
1911,0
28857,1
7548,400
5581,188
22069,5237
8521,422
18063,207
6921,1
17347,3
16118,345
22349,4
21430,535
24965,0
9846,2
873,220
17353,4
17452,0
8727,3
1028,2
10613,55
15450,0
2406,1
8899,3100
14516,0
20166,2
23463,521
22263,21
9679,0
12494,296
19104,2
8351,51
9330,337
26359,296
14374,66
7420,746
7803,208
26450,2
346,193
5770,44
13742,40
24487,387
23590,64
13491,432
21383,376
3391,0
637,943
9799,2
11377,35
26388,3
9248,80
13299,1
2784,1
28839,669
13686,3463
4607,0
16564,0
20493,281
16137,478
6838,0
27308,0
22168,2286
26665,231
8791,0
394,1
20719,3748
18727,0
2083,38
2048,36
18309,2
6826,966
422,47
21365,1
18556,1595
16421,274
21917,268
13999,837
9103,15
3012,0
26529,0
8556,960
2514,3
12316,458
14063,1
24112,70
27523,229
27773,81
19023,486
11858,1
16074,1
18967,86
1246,0
10763,0
1459,192
2982,1
691,3
18672,0
3279,350
8402,0
19431,118
8930,274
15204,2
26691,0
6834,78
4372,420
27665,0
15057,357
5681,1
16023,0
21202,2555
2534,1
1151,1530
20100,4
6319,0
11449,460
1328,0
40,1
21118,22
24438,1566
28526,596
17742,3
18761,2054
17620,0
12650,1
1235,862
3841,0
28090,633
19986,0
3921,628
14370,8
7418,1
7685,2
2091,18
27201,80
17019,3
23488,4
3737,1
11194,0
25264,1687
6591,0
14968,0
27074,2311
10319,4852
817,183
11716,585
20444,0
23718,229
6743,2113
12269,333
9994,1253
27881,71
12333,231
17898,0
24306,560
13885,16
3649,330
24881,238
3635,2834
18285,0
19537,0
6453,4524
22327,0
3538,5
21747,560
6267,33
19867,2
18668,558
19276,563
15517,1
17167,2
12582,0
13508,0
18574,56
5889,0
21859,0
22702,0
9042,1
13722,106
4047,37
12888,0
3831,111
14192,443
20525,580
6359,7
13823,57
21194,0
4061,488
21176,1
25179,664
13332,2
22600,116
24264,0
1262,0
17819,621
22836,614
10056,58
14607,2377
2812,1
9357,4966
20124,0
14647,0
23394,15
6496,61
27837,0
12992,651
27107,1045
7863,220
17518,4868
10761,48
7072,394
11974,0
13468,868
69,1998
21618,2
28812,25
12749,532
28805,1
16697,0
24869,0
5555,30
18105,189
12254,0
26514,41
23066,1
8450,2
4937,756
3144,132
25953,2
21264,2290
23747,33
18618,1
26596,706
1276,817
6885,1899
7471,0
21752,0
6467,1
4664,2
12663,45
8651,299
9947,399
867,171
1999,2250
5273,0
5154,43
10054,0
19977,0
27467,0
27558,0
9697,0
24555,78
7870,242
28441,503
13749,1
8049,57
20551,67
14632,57
19346,0
15153,0
3704,22
25349,1
12646,0
21021,74
17165,501
7051,342
11162,644
10400,274
2511,2968
6527,0
12258,41
14957,411
17506,4595
29053,1
445,0
17292,43
7225,328
21545,0
28319,1157
19164,11
15683,1
8862,517
21689,0
25531,32
4249,647
19340,0
12815,1
14041,0
26194,81
22679,83
213,2983
16632,1
14314,743
13584,702
11809,0
7872,1
25697,70
20613,3
4580,425
12978,446
9368,45
10870,0
14770,0
10898,40
17594,81
20507,322
23247,354
20018,4
11608,1
24484,641
22603,13
24930,416
4393,0
26299,3919
2307,41
6798,0
3087,267
4835,338
2586,22
22091,0
17916,1
3554,358
1471,239
15294,1419
27259,0
14810,82
16370,0
11190,108
24624,2
2282,0
9502,51
19746,625
16864,740
11848,0
26046,1625
19744,1
3969,0
20273,542
8866,1
4461,1
24729,197
16744,0
20355,340
4188,0
532,2194
22721,908
14704,0
21011,378
28389,711
8206,262
25481,0
28132,620
19100,581
28763,545
19443,2
21797,0
12965,581
25065,1
7586,2
18588,391
5813,0
5641,331
6417,32
899,3408
28748,5673
534,1
25863,2
17190,0
1612,195
2448,0
1001,3
26028,0
21792,31
2907,2880
15832,523
6309,708
14898,4
6063,0
6912,424
18088,472
22734,33
1179,297
6163,828
19457,2
4427,886
16876,1
18358,2
938,0
4693,0
366,0
27217,0
12132,8
11983,0
21743,47
8655,404
9570,153
16450,0
10231,0
818,0
24653,91
7067,1691
2679,413
9979,2
28,19
4360,2456
745,2
23926,633
9030,632
10407,0
7257,5
7564,2767
22071,0
20678,282
337,0
16965,2
10796,317
24392,0
11800,2
17913,2453
21505,267
10388,480
18277,440
18377,62
16995,69
25834,593
9513,1
2439,2
12246,42
3648,0
9172,604
5249,85
23554,2927
21319,2
26307,407
4749,0
5527,3793
1727,1
28112,3
12198,2
15860,397
13233,27
6835,0
27535,2469
19529,2812
18827,822
269,4
11954,558
12545,54
12709,2
18800,0
13112,1
14384,0
10260,1
10164,423
4421,0
17648,609
10243,1906
11119,1
9012,322
11548,75
19210,1
19854,3
12948,0
24856,485
14788,487
25016,454
12934,368
6484,0
7975,16
10091,1
11751,326
2244,0
16833,1
8549,734
22056,4901
16045,407
7183,0
2213,0
14270,3
23004,0
1580,3905
23864,3
7488,0
12555,4705
21340,0
14020,772
12950,19
15716,4
2164,443
27003,32
24228,0
27406,443
20157,170
18205,110
8412,1
573,332
26334,2040
8874,4
28530,1
19619,2
20733,3613
12323,438
9231,389
6420,1735
5314,391
16786,1
25216,782
15326,0
15578,62
26101,0
6182,20
28205,1
6083,1873
1692,0
23593,1838
18659,2
28893,813
12538,50
118,1
23683,540
20072,404
19784,0
26165,4491
258,0
1293,195
25615,0
26562,68
9317,259
28260,466
8247,405
858,0
1704,641
17941,347
13986,0
3745,586
28568,0
13025,0
10262,460
14343,3975
5842,2925
5614,229
8,141
16098,0
6511,0
25337,860
11255,2085
15954,1
23253,226
17695,564
26651,4535
1530,503
25027,1336
22353,0
9743,113
2227,23
619,3468
16489,0
11867,496
28692,722
17525,4051
24988,380
23924,3
16844,0
7272,68
8441,738
3659,11
14373,876
29056,0
2319,2
26139,3
10285,245
4699,913
16559,383
26970,3
7003,2
17543,43
1666,1895
27326,1
10754,38
18080,60
23779,282
10203,1886
20701,1
14485,3998
12743,0
8741,38
24299,2155
18549,561
1524,0
6504,0
8499,1
23545,542
20474,86
13985,318
14936,341
19459,927
15609,324
4017,2
12015,2369
19042,645
10467,392
11395,2
27281,2613
877,0
4041,346
9145,465
4039,2
6764,3442
4600,155
24534,0
13522,0
27920,588
806,0
16583,1003
13660,2
21680,2
22479,2
28645,0
664,1
20593,118
21441,0
24561,604
18461,0
16700,2
4722,438
16548,48
509,22
6096,232
3973,10
8950,284
22309,1
28318,0
24372,983
15754,928
22532,5
22537,5361
16748,31
8522,0
22837,0
26816,2848
12925,120
7504,0
24209,54
21779,312
13422,444
16156,40
12678,0
22093,629
21698,398
26420,2067
11628,3
20951,1
8618,1
11004,0
54,548
29084,0
15142,1751
21688,688
21448,0
4117,167
14025,2
12171,1
23358,550
21534,0
18510,0
6412,248
15471,75
28478,66
26794,0
13032,4455
25827,607
14330,399
11513,0
11277,2
4644,1
20612,0
7603,4823
14830,16
17541,1
20109,82
26095,2366
11699,2880
13897,0
25660,2
12832,383
8515,0
29022,0
5379,1
26349,65
15030,1
15961,0
5843,376
18901,0
14506,0
869,33
24933,279
23339,467
26488,785
27961,5334
16389,48
16383,857
5636,1
5791,47
16511,642
5152,1
5507,405
5961,29
21575,466
20192,4
419,1104
13935,0
3014,170
6281,34
1141,0
28491,375
10943,3
7484,1
23708,754
26220,3
25796,69
28109,0
21759,0
26570,618
1455,567
1626,0
17183,0
24078,2
20089,857
2429,0
25671,1825
19471,1
18632,2
16367,1
29013,2
5078,156
812,0
28721,437
19887,2
19863,627
23175,2
5910,69
17188,63
10397,1
17844,1
28727,3249
7341,223
7718,0
4757,1
25026,67
22281,202
20213,4
17365,439
9781,359
16821,63
1879,2713
27693,1609
24350,709
14697,1
12474,0
15819,515
22624,104
2015,1
17030,0
18506,4
17636,0
28123,0
26329,2
18123,359
648,0
13340,81
10606,46
11111,3255
18099,5
16500,62
17564,0
18854,468
14939,67
25884,1
9173,0
27114,670
15630,3
16775,0
13287,34
19572,5
24104,1
11313,0
5979,457
25638,4
27496,50
2484,2817
14101,2397
25239,3
27864,407
28129,850
26093,656
11876,1855
16262,0
4629,1
13000,2184
28794,78
2559,37
19247,2016
21799,646
21695,813
10046,49
17294,0
26256,471
6880,178
24824,4634
12732,540
14242,843
27301,0
28577,435
15884,441
2901,354
12945,0
9207,646
25368,3
17829,363
26001,0
15596,430
21429,0
23791,0
8405,2
153,30
24204,0
5184,423
26649,968
9768,0
22813,2
26449,455
28354,2
14075,0
19427,3876
16738,0
13896,125
1032,1890
10144,352
12453,738
15393,432
2974,462
28412,4553
14787,4698
22790,201
23572,770
25088,55
7080,0
27,1
13352,2
20673,3
19594,80
4245,4059
27161,153
23913,373
11939,1
13701,437
3145,1309
2819,2
14900,380
28759,96
12602,690
14695,782
18838,2
17198,3337
19101,0
4712,931
14108,1738
13016,2
6741,417
6357,78
3396,412
24778,300
27630,64
9895,0
10988,0
4828,328
1392,30
2781,0
10100,459
11407,2092
8906,246
4956,181
28060,609
9517,0
358,33
5296,154
2066,0
16216,2
25766,518
2391,99
24416,0
1381,3922
27840,297
5149,0
6212,2
16117,22
4326,1845
17449,0
2744,2
3805,0
25958,429
26374,270
9575,1
17708,233
28792,0
20154,382
11497,666
10556,232
21286,28
6250,1861
13684,560
21568,462
3192,19
7856,235
12897,260
24317,0
22439,350
16725,0
22846,404
19179,651
28190,420
23133,346
18104,1847
21640,61
14612,400
4352,400
3893,380
13563,0
25058,1
2637,1
26035,2
16656,0
52,1
17675,3310
19502,0
17581,295
28336,507
24656,3040
25389,1
25923,473
17068,50
266,1470
12471,0
1177,0
3735,368
24845,2466
28829,0
17583,1057
28497,68
8792,4
2899,0
3280,1
20698,2390
11129,0
24251,1605
28641,1
17860,1136
6900,4
24575,1805
24,287
9710,0
1366,351
14597,1
19119,894
23516,1
10318,0
3337,8
25580,0
20339,0
18995,0
23355,1034
9651,344
26742,4
27136,0
20986,107
6037,98
894,3
7142,0
2550,154
11314,749
3474,0
24579,85
22390,1
774,0
28842,390
12131,0
25571,2
15513,585
26209,64
3476,443
13625,3
20262,177
2052,316
20775,560
2127,1727
23423,0
7389,1
9494,2
24733,507
4141,182
23734,38
5537,70
9610,42
9932,1
20624,2524
21313,45
20269,108
22780,350
3382,1
24448,68
3738,49
22850,568
26222,656
13227,1057
11225,1
26070,1
23318,300
13149,0
6846,92
5969,347
2816,4859
17150,1658
26466,80
14488,32
10522,575
2955,2377
17770,1
22983,1
3194,0
24723,1
10469,3475
22033,954
27258,1090
25523,599
20570,3
6408,1824
23918,52
9558,0
24142,0
14539,17
5079,1
65,1
27448,482
13392,0
21413,9
8717,4130
26274,2
6525,494
27826,34
28305,0
9098,183
729,3559
17316,1931
19322,156
8759,0
19220,0
647,789
15254,0
17692,1076
26116,3136
26434,3100
9652,0
9783,1675
14614,2494
2844,662
18847,0
24384,888
10024,507
4510,0
18003,40
26443,2
1927,16
24154,62
12238,1
15214,0
16680,2
17136,2046
6651,3797
28501,355
8667,51
2977,29
19085,5
584,0
24832,333
18747,0
8584,4677
19678,242
7165,1
13119,2
3776,381
17498,0
25692,1
4004,3
6593,317
8187,1
1622,0
17089,710
1801,36
26987,3856
5554,763
16689,118
6854,0
7195,0
18646,2
18628,0
16209,2
12208,0
10652,425
12804,55
18957,4562
15231,1
7710,1848
6904,2385
26023,41
2251,1
15880,58
25341,1
16905,38
11618,0
22792,3
10587,4
9367,1
6072,0
11405,330
18913,422
1261,401
6102,2354
12856,327
28632,1466
18273,184
14687,163
20912,78
19603,2831
7435,0
2114,2829
3566,2
4095,4776
612,4103
14655,2194
28685,618
3640,367
28036,1
21914,1
20427,2
3642,2083
2132,369
7833,36
19005,1
9879,0
2660,862
16993,4
3804,314
22576,272
5380,26
24324,4602
18330,1
27590,0
5118,1
23130,651
6634,42
26007,375
12641,1438
4829,0
22687,508
20558,51
17902,3
15552,54
18357,0
6595,16
18213,0
13792,1918
4719,560
10799,88
16413,3561
19216,0
21607,125
14518,53
4548,0
24418,483
20457,752
13234,271
25287,1
24614,465
4136,0
4977,1
21488,543
10466,52
12931,6
18791,84
90,189
18926,73
22393,843
10472,1
13683,68
1117,17
4165,513
27747,582
2347,560
18464,2
9463,34
117,308
16348,91
3068,493
12384,411
4588,0
25570,2
26686,141
22894,2192
8229,1
20929,421
22991,1
2189,769
6378,28
16940,320
2897,72
9327,422
17693,0
28651,192
5697,991
28281,523
20950,127
25036,176
10647,1
2209,453
18608,598
21269,0
24176,0
9909,906
15168,338
20346,0
28546,948
20491,0
14590,168
2644,5
11241,444
1066,320
4938,177
21062,469
13257,36
27816,767
19052,286
25114,3
14661,0
13778,499
2976,2
5473,2103
19696,786
18100,1
9135,189
26259,308
15537,1
8740,0
18620,431
4506,671
15817,1
12682,1
26459,83
19985,70
4275,0
8455,111
13434,0
22278,536
12378,315
20730,79
16946,79
9041,1
22733,2
25693,21
2,0
784,1
18841,0
6674,1
7596,3504
28614,2
24593,558
13730,1
19248,367
28278,720
17669,3512
13715,167
649,2548
19402,2
14540,265
2714,0
22671,2
189,92
26997,23
15,82
17426,54
15867,493
23207,4124
21106,31
10271,2000
13860,2817
24648,0
24272,331
24128,0
8744,3623
17904,309
17986,423
25043,124
23940,650
7714,394
5181,754
28997,476
9296,264
7910,0
12868,3126
13182,3079
1321,0
13793,169
4137,593
13875,346
20898,86
25020,579
7678,2
23313,2
5661,0
26820,41
11948,0
2518,4345
23281,800
22634,2602
28860,572
11969,181
9852,414
121,0
24937,386
7645,19
25729,592
24458,1703
19475,5149
21937,637
136,2056
26746,0
22039,77
11617,892
24902,727
3098,46
29049,0
18648,721
12389,1
12981,221
14861,46
27667,74
1991,0
1651,435
28261,4
27225,2531
20696,945
8472,50
13652,297
21580,0
19545,38
25505,1
4468,0
22118,28
11181,0
25019,139
14547,376
28601,82
16488,478
20924,2
24634,1
6398,44
1805,187
1915,32
1160,2
9214,772
3007,443
12591,326
25509,0
8278,255
27067,0
26442,527
8544,3988
18176,59
3166,109
25454,3100
29077,0
19130,58
9776,2163
16781,350
27718,53
17644,3031
23003,482
7282,3826
21673,2
21371,3
22573,214
2271,1
16889,1
27130,3598
23293,66
8464,1
16307,1
28554,0
6208,0
4102,401
27507,229
28928,0
27192,1
12640,0
20180,2
4837,2443
2705,1
24053,0
10415,296
5679,2925
8828,289
12066,3255
11421,2771
1072,4176
14962,1758
14500,1
10693,4
26547,3
11131,501
25214,167
24512,558
8710,0
28504,92
4060,66
20,1
5441,215
27274,4710
26552,437
14906,48
11172,51
6041,1
11746,1
3974,82
27525,1
5107,273
10981,0
24305,2898
5298,2
594,4
27900,1
18207,2233
18833,447
19339,87
1791,356
3384,464
26963,5
10143,3193
6168,1
28648,0
12994,1882
6317,3766
2767,549
26808,0
2422,0
10311,0
21495,492
18338,72
20866,0
5539,0
19115,396
22847,3
2754,0
11677,304
22243,867
9845,412
8976,2182
14456,58
4291,232
6992,96
25993,490
13116,1739
18030,2
14867,72
6005,2737
24923,503
7513,476
28338,917
207,218
8132,85
6070,2901
699,48
19033,2
10675,34
2648,0
18055,488
17409,253
24399,1
27919,4351
232,0
4446,0
27489,174
4514,0
13904,0
18997,175
21291,0
2101,250
12437,2
5846,75
17683,1
24580,570
17293,506
19797,0
16766,29
7065,304
8067,3
6402,281
4935,217
24243,0
16169,46
108,0
5899,1
15136,339
18653,4
15175,191
28737,2
21333,335
24838,1724
22023,5
12932,80
11586,333
17031,3919
7438,2
9745,1
12668,1
10280,1
11671,259
7620,9
7719,2
26119,1
24537,0
3468,0
11307,4168
22286,0
15282,4439
20014,547
8765,1
9944,282
1370,1
72,32
8490,229
12805,350
6633,1
7092,53
11226,35
24297,392
17910,67
8386,57
8017,34
22113,0
11209,105
1829,366
21236,4117
20217,2078
14290,441
3193,225
13093,9
11055,0
11545,279
14926,57
22318,36
16250,70
18198,148
3824,51
25965,567
11559,195
1962,36
1780,44
20435,77
22677,4
20117,1417
6908,49
8387,743
8283,1
5706,194
2397,274
28241,4
20233,1
21345,48
25859,0
14367,331
9980,58
27909,61
19447,0
19734,2
3898,1
6704,2606
25185,35
22458,1
14934,0
7434,878
18238,0
17658,2
13867,3347
9430,1
24303,369
16412,0
24783,2229
2983,72
1995,3
8224,520
15893,2
2343,273
21212,118
1307,0
25624,496
25230,1714
1335,1824
28938,2
3294,1
25224,170
23091,468
19635,73
18591,285
4344,41
6590,394
2329,3742
8372,77
5119,27
26646,5
10726,2
14105,31
1121,112
14561,552
19478,1
3672,1
25612,1
14973,51
3422,315
24818,413
29030,354
1644,468
25310,1181
2627,300
10090,0
3662,902
16101,1
28666,1751
3140,0
19516,280
26604,3382
7823,170
5475,1
6694,23
26316,6
1234,68
26786,890
12243,352
17649,0
2337,497
12390,62
4195,61
4093,1266
28093,77
2295,312
3668,0
13367,769
17553,409
26588,5
5580,1282
8027,2483
20902,484
24791,5
12921,0
5835,5043
21324,380
2953,618
832,1662
11972,13
1266,36
14620,0
22131,2
1800,1
3482,828
7271,2
17874,1069
8623,121
6807,476
2230,573
3905,1
18579,1
18843,69
24260,2
402,1
24699,1
14465,4745
25772,3011
2018,0
1847,2
15016,184
1035,1
1016,398
6579,177
16880,4042
10103,318
16189,2
11445,43
6636,0
359,417
8295,2
4002,284
24100,807
652,14
20390,495
16863,40
6512,573
26171,0
25081,39
6970,39
12491,536
6284,1797
17806,630
4,171
28925,3
13389,0
3734,1681
23789,72
27051,77
24841,2
13881,2489
27362,525
1716,48
26493,5
22977,2
15342,2
320,0
11260,0
514,0
28823,0
5585,476
17889,17
24539,18
277,54
2994,3
18600,71
25142,1
5768,1
17234,164
25655,944
5321,684
5207,35
5477,47
21516,791
9659,0
22014,2737
13814,281
10119,56
25994,1
10992,32
989,288
14287,359
9798,3
13543,0
22670,2
25246,2
13700,3763
14873,60
19473,1419
24388,378
12570,367
9152,0
22161,0
10952,688
24377,0
7027,0
4459,532
21557,107
24296,52
15165,25
17580,43
14205,256
13518,1
28282,2
16476,915
24844,0
13486,1
20758,860
13366,49
11691,0
5012,59
27316,1948
10520,2
8268,477
22862,2
5443,2
1356,162
21678,379
8606,18
13365,3
18248,0
6974,406
13001,317
28863,361
15178,43
19253,0
18974,828
20632,245
27371,376
20041,480
5533,3797
10494,50
7878,2
10985,2
27927,439
28675,2
10293,1
20568,4028
13165,1
17446,1
17431,2
11477,0
13026,3988
22604,235
862,2
3922,0
7887,47
13014,2297
1197,0
26199,0
11755,0
9120,2251
16665,461
4736,2
19405,0
15436,655
8491,1
18631,1
24367,1
1548,2
4909,37
18723,1
10554,0
6692,184
15696,2
24194,2
3599,623
17331,360
6300,1
24273,2
12940,550
14904,0
4152,23
19241,2727
28008,0
25947,72
18915,2246
12876,341
7608,650
204,442
7794,16
20070,0
2737,1
23932,84
13349,0
18329,556
3081,334
1435,1674
4220,1
20056,0
25499,3
13203,0
14213,46
17016,0
247,253
25771,0
15767,92
14801,454
2939,65
17928,208
23865,145
4888,1
2967,4509
25118,0
11365,0
8850,2868
21623,578
24477,373
9027,2
1527,2
10725,0
5809,6
15567,0
11880,30
23861,0
15728,3809
23705,1
20325,0
1830,0
6956,3
16849,60
26327,2718
175,155
8561,2
12410,1
25674,3
13492,2
1162,701
18521,25
27124,604
21136,3
9538,3818
2085,8
23216,2
15219,75
14783,3
5049,0
14471,0
17563,334
7740,45
19569,2210
7123,4155
23620,2230
28058,2
16022,390
15243,247
24944,392
8835,377
11690,626
16619,2
20702,35
22784,1
3932,1
21355,2691
6252,0
17291,2
12997,32
2437,269
4335,0
28127,7
23730,0
9202,2309
8574,42
21235,0
8845,1
17018,633
8911,691
24238,668
17615,67
25127,493
28005,0
7634,85
18910,282
19952,0
14988,776
16207,3846
24576,317
5687,412
23783,856
7654,868
13140,32
3744,52
22653,422
9882,141
12502,1
3067,45
809,0
5650,39
25737,0
24938,0
15386,2734
15557,2
23759,3
19225,80
17737,295
10011,423
28363,0
8252,0
6663,0
8338,411
18821,0
22067,952
7140,24
20659,280
23594,392
16089,51
19571,4
16009,40
20691,2371
28596,0
13195,4453
911,0
5732,183
13784,486
2416,1192
25758,2669
5457,24
15886,2
3151,725
29015,654
23093,0
18247,212
18139,3556
2039,313
11474,538
14530,47
11643,21
26098,1
5684,1088
996,464
16595,141
2951,1
16203,1
9615,3
7310,152
14909,2297
20404,346
7060,2091
28779,3
7011,243
12019,55
27061,2727
9608,0
27552,1
25976,1107
25317,1015
1659,0
763,368
16685,3408
17940,1660
26672,88
3011,224
620,508
8646,1
23618,440
28143,2822
21756,1
795,679
13471,355
1880,389
26385,3431
23838,64
19891,2413
1769,186
3830,509
16271,0
7040,261
1701,427
3273,1
2500,1
17837,4
11369,2
24174,67
10735,477
2119,441
19712,2092
19461,3468
21994,2341
12573,48
21157,1
10571,2181
17906,1751
14260,414
6406,443
19044,2462
3976,1511
2618,1
805,440
11524,1403
24898,380
539,240
17665,2
11564,0
7226,0
25105,2574
297,60
25878,44
27278,60
20286,3700
20042,0
11610,814
3503,1
29058,435
2081,0
11996,1
13312,188
2323,3277
1341,0
23580,647
20847,386
8035,2
23671,1
17556,179
16825,351
13476,2166
12009,364
21817,1
11328,0
10374,787
7090,1
19441,3956
4733,0
14774,0
23984,3577
6374,676
9154,202
23569,50
25709,0
9521,54
6565,1675
25646,3
6783,706
17058,454
19155,0
24405,0
719,41
5151,241
13936,1096
24671,3
3752,595
2496,0
28700,0
16655,312
16179,1472
12541,2041
10452,45
19481,0
7202,1
10499,6
15543,2
16083,771
19414,363
16690,385
8186,1
2136,3
28314,61
4496,5
28341,40
4059,5
19806,309
7805,0
5546,0
15211,1
25559,708
19676,0
25003,4
6128,586
17154,100
12800,0
962,287
15397,328
6026,676
20484,0
27635,1
17204,0
4395,359
9894,69
7527,571
4159,442
25652,2
10343,21
7570,0
17878,555
12598,310
7589,0
15577,3
8641,701
11090,2727
2889,2
409,54
9233,1
14888,2234
16888,466
24755,0
17534,1
11667,323
179,76
917,0
15694,259
18071,1
2806,61
24725,19
20942,4684
12796,169
604,0
3910,394
19417,63
13309,325
19116,2
11419,452
2146,0
11787,42
16197,67
12081,355
10083,0
9584,0
26540,3
25473,621
28359,324
4087,931
5656,55
8082,2
3767,0
3032,134
18505,573
10628,510
15894,58
20310,227
20203,0
14902,1683
20885,654
6389,237
21685,386
16088,1
12878,3
10596,0
5218,246
29050,2659
26827,53
24132,1
24281,2
22476,1800
12558,2
9614,395
27310,505
1686,2994
8181,39
12569,3310
6950,31
4356,1
23733,3
15854,0
21193,732
27731,2
29028,0
19640,0
22058,3
20962,344
3321,1
3834,254
23201,389
19731,1
19729,64
24833,1
16514,95
25330,83
15715,403
5870,1674
19388,2
17539,4584
20333,1764
18993,28
9929,2511
25159,0
10109,242
9886,0
12307,66
8401,684
9704,0
3816,0
27376,0
15240,343
27123,2663
20622,935
736,1317
23937,2
27428,2
2731,1
17389,0
16147,311
5731,521
11062,0
10324,590
23974,86
18458,1
11572,2234
17125,2
25243,882
3381,1
8423,339
13597,1165
3086,43
13499,1
2911,45
28317,499
5448,214
261,1
9276,0
24049,0
319,228
27137,2882
11212,23
18540,19
10214,124
21298,1
3857,282
4025,1
19521,1
27382,624
3229,1998
22861,3
21470,236
2380,1
26568,5
16247,1404
17990,708
3425,275
1896,45
24381,36
9545,93
3043,557
14732,1
7400,0
11964,271
11728,65
8953,53
26678,731
18282,1
4075,602
3938,1
1277,194
3506,160
519,1693
1019,208
3025,2233
10530,0
17646,2
7475,0
20530,2
27532,56
2005,2261
19719,2199
27348,333
10681,25
7721,734
23876,670
2351,0
20492,512
19739,2461
11927,543
4485,468
26287,4
20135,55
7663,2
12772,11
12542,411
25416,1
10732,0
7193,1604
13553,1
3344,350
22783,240
17743,53
19627,1
11045,1
9314,473
3891,1
18932,2
9148,246
26273,3
1000,0
27878,391
16190,61
19565,2
3846,41
7817,1
3939,1
2206,1
26639,2
15104,2
25458,84
14635,4089
27328,874
18106,2
27541,0
6673,0
13797,333
28543,1
22468,0
18302,2
5967,1
5635,287
26024,115
22400,683
296,1
14534,0
9411,161
8644,306
20611,575
23270,310
1096,42
19953,5237
26247,1
24657,658
4921,1
13470,1345
12721,384
12766,25
24096,395
11426,414
4945,0
13680,384
9320,400
24602,1965
13509,1584
6253,1
13192,30
18195,0
20432,465
8891,0
22420,270
15382,1
28230,0
28482,199
174,1042
3550,232
4078,341
26984,69
21891,0
4168,262
18319,683
3562,0
4042,0
24062,78
430,580
18522,159
19865,2813
20835,2
26064,54
28943,416
4995,2325
15829,1
13047,1
15751,1
22307,1862
4334,245
2019,4756
11852,42
20949,3369
6351,0
349,111
26409,3
10999,18
18214,207
25422,363
12648,236
21224,2
6126,1
25146,3712
5100,360
11737,2069
12077,55
11224,2
21249,0
4876,62
20683,0
10794,0
28275,3
15045,331
16058,376
28075,3100
18355,566
8511,202
19780,2
3137,2
3039,1
1053,394
6685,504
25750,0
3603,1
15233,480
10993,496
27581,80
25841,380
9182,289
9670,59
21739,2882
28567,551
5459,0
28136,0
9550,472
1167,1
8942,714
4101,3818
26830,624
23310,2263
9953,44
24461,2
24775,465
4480,1001
10309,49
24153,2
28059,66
16861,3
5133,44
27173,28
22649,312
10858,0
20021,669
4989,1694
10351,1071
1620,532
4286,0
1903,32
22328,2061
2615,1590
23877,2
10742,446
15930,239
24184,3363
20993,97
15729,424
7853,449
19818,294
14446,3559
18245,0
24597,4
21052,593
19172,0
2688,2109
14223,113
10965,62
8221,0
20725,0
16506,2
10592,237
17131,232
10017,471
20409,0
18188,0
14644,2
17358,4089
2144,42
10220,195
12979,0
7191,554
26905,426
5816,2
9009,488
25091,2007
5016,271
2849,0
5072,0
10757,2168
3888,0
14527,1390
19332,350
3630,1
25489,3190
11247,330
14448,2
